Drill,Drill,Theme,Sub Category,Link,,,
Triangle Tag,Triangle Tag,Angling,,https://www.icehockeysystems.com/hockey-drills/triangle-tag,,,
1 on 1 Angling Drill,1 on 1 Angling Drill,Competitive Contact,Angling,https://www.icehockeysystems.com/hockey-drills/1-on-1-angling-drill,,,
1 v 1 Circle (Stick vs. No Stick),1 v 1 Circle (Stick vs. No Stick),Competitive Contact,Gap Control,https://www.icehockeysystems.com/hockey-drills/1-v-1-circle-stick-vs.-no-stick,,,1 on 1 Angling Drill
1 v 1 Stick Battle,1 v 1 Stick Battle,Competitive Contact,Delivering and Receiving Body Contact,https://www.icehockeysystems.com/hockey-drills/1-v-1-stick-battle,,,1 v 1 Circle (Stick vs. No Stick)
Angling Small Area Game,Angling Small Area Game,Competitive Contact,,,,,1 v 1 Stick Battle
Chute Angling 1 V 1,Chute Angling 1 V 1,Competitive Contact,Angling,https://www.icehockeysystems.com/hockey-drills/chute-angling-1-v-1,,,Angling Small Area Game
Corner Puck Battle,Corner Puck Battle,Competitive Contact,Delivering and Receiving Body Contact,https://www.icehockeysystems.com/hockey-drills/corner-puck-battle,,,Chute Angling 1 V 1
Cross Ice Ringette,Cross Ice Ringette,Competitive Contact,"Delivering and Receiving Body Contact, Angling",https://www.icehockeysystems.com/hockey-drills/cross-ice-ringette,,,Corner Puck Battle
Defend the Bucket,Defend the Bucket,Competitive Contact,Gap Control,https://www.icehockeysystems.com/hockey-drills/defend-bucket,,,Cross Ice Ringette
Forecheck Angling,Forecheck Angling,Competitive Contact,"Angling, Forecheck",https://www.icehockeysystems.com/hockey-drills/forecheck-angling,,,Defend the Bucket
Hit Through the Hands,Hit Through the Hands,Competitive Contact,Angling,https://www.icehockeysystems.com/hockey-drills/hit-through-hands,,,Forecheck Angling
Puck Protection Weight Shift Moving,Puck Protection Weight Shift Moving,Competitive Contact,Delivering and Receiving Body Contact,https://www.icehockeysystems.com/hockey-drills/puck-protection-weight-shift-moving,,,Hit Through the Hands
Puck Protection Weight Shifting (Standing Still),Puck Protection Weight Shifting (Standing Still),Competitive Contact,Delivering and Receiving Body Contact,https://www.icehockeysystems.com/hockey-drills/puck-protection-weight-shifting-standing-still,,,Puck Protection Weight Shift Moving
RedZone,RedZone,Competitive Contact,Delivering and Receiving Body Contact,https://www.icehockeysystems.com/hockey-drills/redzone,,,Puck Protection Weight Shifting (Standing Still)
Side by Side Checking,Side by Side Checking,Competitive Contact,Delivering and Receiving Body Contact,https://www.icehockeysystems.com/hockey-drills/side-by-side-checking,,,RedZone
USA Step Forward Drill,USA Step Forward Drill,Competitive Contact,Delivering and Receiving Body Contact,https://www.icehockeysystems.com/hockey-drills/usa-step-forward-drill,,,Side by Side Checking
Soccer on Ice - Station,Soccer on Ice - Station,"Competitive Contact, Skating",Fun,https://www.icehockeysystems.com/hockey-drills/soccer-on-ice-station,,,USA Step Forward Drill
Dodgeball,Dodgeball,Fun,,https://www.icehockeysystems.com/hockey-drills/dodgeball,,,1 v 1 Angle Around The Net Drill
Levels 3 vs 3 Small Area Game,Levels 3 vs 3 Small Area Game,Shooting,,https://www.icehockeysystems.com/hockey-drills/levels-3-vs-3-small-area-game,,,2 on 2 Angle Game
Relay Race #1,Relay Race #1,"Skating, Stickhandling",,https://www.icehockeysystems.com/hockey-drills/relay-race-1,,,
Sharks and Minnows w/ Puck,Sharks and Minnows w/ Puck,Puck Control,,https://www.icehockeysystems.com/hockey-drills/sharks-and-minnows-w/-puck,,,
1:1 Goalie Work,1:1 Goalie Work,Goalie,,https://www.icehockeysystems.com/hockey-drills/1:1-goalie-work,,,
Goalie Skating Warm-Up,Goalie Skating Warm-Up,Goalie,Skating,https://www.icehockeysystems.com/hockey-drills/goalie-skating-warm-up,,,
Goalie Warm-up,Goalie Warm-up,Goalie,,https://www.icehockeysystems.com/hockey-drills/goalie-warm-up,,,
The Ullmark-Jarry,The Ullmark-Jarry,Goalie,,https://www.icehockeysystems.com/hockey-drills/ullmark-jarry,,,
Goalie Screen Drill,Goalie Screen Drill,"Goalie, Team Play - Offensive, Team Play - Defensive",Down Low Play,https://www.icehockeysystems.com/hockey-drills/goalie-screen-drill,,,
3 Player - Every Pass a One Touch,3 Player - Every Pass a One Touch,Passing and Receiving,"One Touch, Triangles",https://www.icehockeysystems.com/hockey-drills/3-player-every-pass-one-touch,,,
3 vs 1 Keep Away Game,3 vs 1 Keep Away Game,Passing and Receiving,,https://www.icehockeysystems.com/hockey-drills/3-vs-1-keep-away-game,,,
Activator,Activator,Passing and Receiving,,https://www.icehockeysystems.com/hockey-drills/activator,,,
Hit The Tire Passing Game WIth No Goalie,Hit The Tire Passing Game WIth No Goalie,Passing and Receiving,,https://www.icehockeysystems.com/hockey-drills/hit-tire-passing-game-with-no-goalie,,,
Fwd to D passing with Shot,Fwd to D passing with Shot,"Passing and Receiving, Shooting",,https://www.icehockeysystems.com/hockey-drills/defend-net-front-progression-2-point-players,,,
4 on 2 Power Play Game,4 on 2 Power Play Game,"Power Play, Team Play - Offensive, Team Play - Defensive, Penalty Kill",,https://www.icehockeysystems.com/hockey-drills/4-on-2-power-play-game,,,
3 Shot Unjam,3 Shot Unjam,Shooting,,https://www.icehockeysystems.com/hockey-drills/3-shot-unjam,,,
Boomer Shooting Game,Boomer Shooting Game,Shooting,Quick Release,https://www.icehockeysystems.com/hockey-drills/boomer-shooting-game,,,
Corner To Slot Shot,Corner To Slot Shot,Shooting,Down Low Play,https://www.icehockeysystems.com/hockey-drills/corner-to-slot-shot,,,
Improve Your Snap Shot,Improve Your Snap Shot,Shooting,"Snapshot, Quick Release",https://www.icehockeysystems.com/hockey-drills/improve-your-snap-shot,,,
One Timers with Rebound,One Timers with Rebound,Shooting,,https://www.icehockeysystems.com/hockey-drills/one-timers-with-rebound,,,
Paint Scoring,Paint Scoring,Shooting,,https://www.icehockeysystems.com/hockey-drills/paint-scoring,,,
Quick Release & Reaction Shooting,Quick Release & Reaction Shooting,Shooting,Quick Release,https://www.icehockeysystems.com/hockey-drills/five-puck-scoring-race-half-ice,,,
Snapshot,Snapshot,Shooting,"Snapshot, Quick Release",https://www.icehockeysystems.com/hockey-drills/snapshot,,,
Quick Release Shooting,Quick Release Shooting,Shooting,,https://www.icehockeysystems.com/hockey-drills/quick-release-shooting,,,
Five Puck Scoring Race - Half Ice,Five Puck Scoring Race - Half Ice,"Shooting, Goalie",Fun,https://www.icehockeysystems.com/hockey-drills/five-puck-scoring-race-half-ice,,,
Goalie Shootout,Goalie Shootout,"Shooting, Goalie",Breakaways,https://www.icehockeysystems.com/hockey-drills/goalie-shootout,,,
3 vs 3 Corner Drill,3 vs 3 Corner Drill,"Shooting, Team Play - Defensive","Quick Release, One-Timers",https://www.icehockeysystems.com/hockey-drills/3-vs-3-corner-drill,,,
3 vs 3 Handball Game,3 vs 3 Handball Game,Skating,"Quick Decisions, Fun",https://www.icehockeysystems.com/hockey-drills/3-vs-3-handball-game,,,
Foxhunt Race,Foxhunt Race,Skating,,https://www.icehockeysystems.com/hockey-drills/foxhunt-race,,,
Sharks and Minnows,Sharks and Minnows,Skating,,https://www.icehockeysystems.com/hockey-drills/sharks-and-minnows,,,
Chaos,Chaos,"Skating, Puck Control",,https://www.icehockeysystems.com/hockey-drills/chaos,,,
Finders Keepers (Teams) - Passing and Puck Control Drill,Finders Keepers (Teams) - Passing and Puck Control Drill,"Skating, Puck Control, Passing and Receiving",,https://www.icehockeysystems.com/hockey-drills/finders-keepers-teams-passing-and-puck-control-drill,,,
Finders Keepers - Puck Protection Drill,Finders Keepers - Puck Protection Drill,"Skating, Puck Control, Passing and Receiving",,https://www.icehockeysystems.com/hockey-drills/finders-keepers-puck-protection-drill,,,
1 v 1 Angle Around The Net Drill,1 v 1 Angle Around The Net Drill,Competitive Contact,"Angling, Forecheck",https://www.icehockeysystems.com/hockey-drills/hit-through-hands,,,
2 V 0 Continuous Backcheck,2 V 0 Continuous Backcheck,Team Play - Defensive,Backcheck,,,,
2 on 2 Angle Game,2 on 2 Angle Game,Competitive Contact,"Angling, Forecheck",https://www.icehockeysystems.com/hockey-drills/2-on-2-angle-game,,,
Bourque 3 on 3 Game,Bourque 3 on 3 Game,Team Play - Defensive,"Breakout, Triangles",https://www.icehockeysystems.com/hockey-drills/bourque-3-on-3-game,,,
Defensive Read 2 on 1 (Quarter Ice),Defensive Read 2 on 1 (Quarter Ice),Team Play - Defensive,Gap Control,https://www.icehockeysystems.com/hockey-drills/defensive-read-2-on-1-quarter-ice,,,
Havoc Line Rush With Backchecker,Havoc Line Rush With Backchecker,Team Play - Defensive,"Gap Control, Backcheck",https://www.icehockeysystems.com/hockey-drills/nobles-2-v-2-2-teammates-transition-game,,,
Offense to Defense 2 on 2,Offense to Defense 2 on 2,Team Play - Defensive,Gap Control,https://www.icehockeysystems.com/hockey-drills/offense-to-defense-2-on-2,,,
The Backcheck Game,The Backcheck Game,Team Play - Defensive,Backcheck,https://www.icehockeysystems.com/hockey-drills/the-backcheck-game,,,
Sticks In Lanes Game,Sticks In Lanes Game,"Team Play - Defensive, Passing and Receiving",,https://www.icehockeysystems.com/hockey-drills/sticks-in-lanes-game,,,
Regroup Game,Regroup Game,"Team Play - Defensive, Triangles",Breakout,https://www.icehockeysystems.com/hockey-drills/regroup-game,,,
3 on 2 Keep Away Game,3 on 2 Keep Away Game,Team Play - Offensive,Triangles,https://www.icehockeysystems.com/hockey-drills/3-on-2-keep-away-game,,,
4 vs 2 No Stickhandle Game,4 vs 2 No Stickhandle Game,Team Play - Offensive,Quick Decisions,https://www.icehockeysystems.com/hockey-drills/4-vs-2-no-stickhandle-game,,,
5 V 5 to 5 V 3 Face-off Game On The Circle,5 V 5 to 5 V 3 Face-off Game On The Circle,Team Play - Offensive,Face-Offs,,,,
Circle Offsides,Circle Offsides,Team Play - Offensive,Triangles,https://www.icehockeysystems.com/hockey-drills/circle-offsides,,,
Cycle Support Drill - Option #1,Cycle Support Drill - Option #1,Team Play - Offensive,Cycling,https://www.icehockeysystems.com/hockey-drills/cycle-support-drill-option-1,,,
Gretzky 3 on 3,Gretzky 3 on 3,Team Play - Offensive,Triangles,https://www.icehockeysystems.com/hockey-drills/gretzky-3-on-3,,,
L-Support - Basic Triangle Movement,L-Support - Basic Triangle Movement,Team Play - Offensive,Triangles,https://www.icehockeysystems.com/hockey-drills/l-support-basic-triangle-movement,,,
Outlet Game,Outlet Game,Team Play - Offensive,Quick Decisions,https://www.icehockeysystems.com/hockey-drills/outlet-game,,,
Quick Strike 3 v 1 Circle Game,Quick Strike 3 v 1 Circle Game,Team Play - Offensive,Quick Decisions,https://www.icehockeysystems.com/hockey-drills/quick-strike-3-v-1-circle-game,,,
Run Ragged Small Area Game,Run Ragged Small Area Game,Team Play - Offensive,Triangles,https://www.icehockeysystems.com/hockey-drills/run-ragged-small-area-game,,,
Union Small Area Scoring Game,Union Small Area Scoring Game,Team Play - Offensive,,https://www.icehockeysystems.com/hockey-drills/union-small-area-scoring-game,,,
Zone Entry Drives,Zone Entry Drives,Team Play - Offensive,Zone Entry,https://www.icehockeysystems.com/hockey-drills/zone-entry-drives,,,
Zone Entry Progression #2,Zone Entry Progression #2,Team Play - Offensive,Zone Entry,https://www.icehockeysystems.com/hockey-drills/zone-entry-progression-2,,,
Designated Shooter,Designated Shooter,"Team Play - Offensive, Shooting",Down Low Play,https://www.icehockeysystems.com/hockey-drills/designated-shooter,,,
Designated Shooters Umbrella Power Play Game,Designated Shooters Umbrella Power Play Game,"Team Play - Offensive, Shooting",Down Low Play,https://www.icehockeysystems.com/hockey-drills/designated-shooters-umbrella-power-play-game,,,
3 v 3 with Down Low Passer,3 v 3 with Down Low Passer,"Team Play - Offensive, Team Play - Defensive",Down Low Play,https://www.icehockeysystems.com/hockey-drills/3-v-3-with-down-low-passer,,,
4 v 4 Cross Ice,4 v 4 Cross Ice,"Team Play - Offensive, Team Play - Defensive",,https://www.icehockeysystems.com/hockey-drills/4-v-4-cross-ice,,,
Defend Net Front Progression With 2 Point Players,Defend Net Front Progression With 2 Point Players,"Team Play - Offensive, Team Play - Defensive","Down Low Play, Slapshot",https://www.icehockeysystems.com/hockey-drills/defend-net-front-progression-with-2-point-players,,,
Griffs 2 V 2 Game,Griffs 2 V 2 Game,"Team Play - Offensive, Team Play - Defensive","Breakout, Zone Entry",https://www.icehockeysystems.com/hockey-drills/griffs-2-v-2-game,,,
Jets 2 v 2 Drill,Jets 2 v 2 Drill,"Team Play - Offensive, Team Play - Defensive","Zone Entry, Gap Control",https://www.icehockeysystems.com/hockey-drills/jets-2-v-2-drill,,,
Nobles 2 V 2 + 2 Teammates Transition Game,Nobles 2 V 2 + 2 Teammates Transition Game,"Team Play - Offensive, Team Play - Defensive","Power Play, Penalty Kill, ",https://www.icehockeysystems.com/hockey-drills/nobles-2-v-2-+-2-teammates-transition-game,,,
Nobles 2 v 2 Transition Game,Nobles 2 v 2 Transition Game,"Team Play - Offensive, Team Play - Defensive",,https://www.icehockeysystems.com/hockey-drills/nobles-2-v-2-transition-game,,,
RPI 2 on 2,RPI 2 on 2,"Team Play - Offensive, Team Play - Defensive","Gap Control, Zone Entry",https://www.icehockeysystems.com/hockey-drills/rpi-2-on-2,,,
Royal Road Drill,Royal Road Drill,"Team Play - Offensive, Team Play - Defensive","Down Low Play, One-Timers",https://www.icehockeysystems.com/hockey-drills/usa-step-forward-drill,,,
Steal the Bacon,Steal the Bacon,"Team Play - Offensive, Team Play - Defensive",Fun,https://www.icehockeysystems.com/hockey-drills/steal-bacon,,,
The Breakout Game,The Breakout Game,"Team Play - Offensive, Team Play - Defensive","Breakout, Forecheck",https://www.icehockeysystems.com/hockey-drills/the-breakout-game,,,
Bump Pass & Attack The Net Drill,Bump Pass & Attack The Net Drill,Team Play - Offensive,Cycling,https://www.icehockeysystems.com/hockey-drills/bump-pass-attack-the-net-drill,,,
"Pass, Shoot or Dump","Pass, Shoot or Dump",Team Play - Offensive,Quick Decisions,https://www.icehockeysystems.com/hockey-drills/simple-tools-improve-your-quick-release-shooting,,,